"created","title","due_date","org_name","state_location","kind"
2025-05-03 05:15:54.470 -0700,Bank Depository Services,2025-05-13,Laredo Independent School District,TX,k12
2025-05-03 05:15:48.671 -0700,Financial Consultancy Services,2025-05-15,City of La Marque,TX,city
2025-05-03 05:15:42.148 -0700,"2025 to 2027 Drug & Alcohol Services",2025-05-16,Luzerne-Wyoming Counties Drug & Alcohol Program,PA,county
2025-05-03 05:15:35.525 -0700,Owner Advisory & Construction Management Services - WARC Reconfiguration Design-Build Project,2025-05-30,Thurston County Public Works,WA,county
2025-05-03 05:15:24.085 -0700,"PUBLIC RELATIONS, COMMUNICATIONS, AND OUTREACH SERVICES",2025-05-30,Hawaii Tourism Authority,HI,state
2025-05-03 05:15:06.675 -0700,Insurance Brokerage Services,2025-05-20,City of St. Charles,MO,city
2025-05-03 05:15:00.677 -0700,Thurston County Lived Experience Housing Steering Committee Facilitation,2025-05-14,Thurston County Government,WA,county
2025-05-03 05:14:54.037 -0700,COMPETITIVE CONTRACTING REQUEST FOR PROPOSAL FOR PROVIDING VIRTUAL REALITY CAREER EXPLORATION SIMULATIONS (For the Cumberland Salem Cape May Workforce Development Board),2025-05-21,Cumberland County,NJ,county
2025-05-03 05:14:47.900 -0700,FACILITY CONDITION ASSESSMENT SERVICES,2025-06-12,City of Manchester,MO,city
2025-05-03 05:14:41.907 -0700,Material Management Warehouse Facility Design Services (Contracting - with Small Business Goal),2025-06-16,Metropolitan Council,MN,transit_agency
2025-05-03 05:14:35.510 -0700,Zero Based Budgeting Evaluation,2025-05-21,City of Evanston,IL,city
2025-05-03 05:14:28.283 -0700,TRANSP PLANG ORG TPO GENERAL PLANNING CONSULTANT G,2025-06-09,Miami-Dade County Transportation Planning Organization,FL,transit_agency
2025-05-03 05:14:20.231 -0700,Administration of the MS Employer-Assisted Housing Teacher Program,2025-06-05,Mississippi Department of Education,MS,state
2025-05-03 05:14:06.288 -0700,Supported Decision-Making Facilitation,2025-06-10,New York State Office For People With Developmental Disabilities,NY,state
2025-05-03 05:13:56.063 -0700,RECYCLING PROCESSING SERVICES,2025-06-05,Manatee County BCC,FL,county
2025-05-03 05:13:48.422 -0700,Extended Learning Programs and Community School Partners for SCSD,2025-05-20,Schenectady City School District,NY,k12
2025-05-03 05:13:41.146 -0700,Emergency Shelter Services,2025-05-15,Lane County Department Of Health & Human Services,OR,county
2025-05-03 05:13:34.368 -0700,Relative Home Assessment Services (RHAS) Request for Proposals (RFP),2025-06-16,Department of Children and Family Services,CA,state
2025-05-03 05:13:22.526 -0700,SR 121/Five-Way Intersection Design,2025-06-12,City of Napa,CA,city
2025-05-03 05:12:55.802 -0700,Software and Implementation Services for an Enterprise Resource Planning,2025-06-12,Middlesex County and Middlesex County School System,VA,county
2025-05-03 05:12:45.806 -0700,"Needs Assessment, Space Planning & Conceptual Design Study of College Twp Office",2025-06-09,College Township,PA,other
2025-05-03 05:12:39.728 -0700,Solid Waste Services Renovations Design and Construction Administration Services,2025-06-05,City of Raleigh,NC,city
2025-05-03 05:12:33.556 -0700,PROFESSIONAL ENGINEERING SERVICES FOR THE DEVELOPMENT OF A CITYWIDE MASTER PLAN FOR STREET LIGHT REPLACEMENT,2025-06-04,City of Alhambra,CA,city
2025-05-03 05:12:23.895 -0700,Program Administration - Refugee School Impact Program,2025-06-04,Department of Social and Health Services,WA,state
2025-05-03 05:12:09.700 -0700,Banking and Related Services,2025-06-04,Fashion Institute of Technology,NY,college
2025-05-03 05:12:03.836 -0700,Design and Engineering of Phase 2 – Salina Avenue and/or Memorial Park Drainage,2025-05-16,Town of Johnston,RI,town
2025-05-03 05:11:44.283 -0700,Sea Level Rise Monitoring Strategy for Adaptive Management,2025-06-02,City of Olympia,WA,city
2025-05-03 05:11:38.227 -0700,RECYCLING PROCESSING SERVICES,2025-06-05,Manatee County - Purchasing Division,FL,county
2025-05-03 05:11:30.041 -0700,Annual Service Engineering Contract #43 for Water Quality Management Services,2025-06-04,City of Virginia Beach,VA,city
2025-05-03 05:11:20.201 -0700,Fine Arts Contracted Services Supplemental,2025-08-05,Birdville Independent School District,TX,k12
2025-05-03 05:10:59.837 -0700,Third-Party Evaluation Services - SMART Reentry Housing Demonstration Project,2025-06-02,Horry County Government,SC,county
2025-05-03 05:10:52.399 -0700,Commercial Driver Evaluations,2025-05-12,Los Angeles County Public Works,CA,county
2025-05-03 05:10:44.956 -0700,Tutoring and Independent Instruction Services and Other Related Services,2025-06-05,County of Henrico,VA,county
2025-05-03 05:09:49.867 -0700,CDBG - Economic Development,2025-06-11,Dane County Department of Human Services,WI,county
2025-05-03 05:09:41.299 -0700,"Training, Coaching, Team Development, and Leadership Development Services",2025-06-26,EPB,,other
2025-05-03 05:09:32.105 -0700,NYS Overdose Intervention Initiative Multi-County Technical Assistance Services,2025-06-13,New York State Unified Court System,NY,state
2025-05-03 05:09:20.115 -0700,CCTV Pipe Support Program Additional Vendors,2025-05-28,The City of Colorado Springs and Pikes Peak Rural Transportation Authority,CO,transit_agency
2025-05-03 05:09:11.106 -0700,Alternative Delivery Consulting Services,2025-06-05,Dormitory Authority State of New York,NY,state
2025-05-03 05:08:52.312 -0700,JOB DESCRIPTION LIBRARY DEVELOPMENT,2025-06-04,Clark County,WA,county
2025-05-03 05:08:43.907 -0700,Waste Disposal Services,2025-05-29,St. Vrain Valley School District RE-1J,CO,k12
2025-05-03 05:08:14.483 -0700,New York State Overdose Intervention Initiative Multi-County Evaluation Services,2025-06-13,New York State Unified Court System,NY,state
2025-05-03 05:08:01.927 -0700,Enterprise Resource Planning Software & Services,2025-07-07,Lowndes County Board of Commissioners,GA,county
2025-05-03 05:07:53.369 -0700,Broadband Infrastructure and Internet Service Expansion,2025-07-01,"Clark County, Nevada",NV,county
2025-05-03 05:07:47.319 -0700,Dresslerville Community Opioid Abatement Program,2025-05-08,Dresslerville Community Council,NV,tribal_nation
2025-05-03 05:07:26.045 -0700,"2025 CDBG - Innovative Grant Program",2025-06-09,City of Thomasville,GA,city
2025-05-03 05:07:20.150 -0700,Lactation Consultation and Parent Education Program,2025-06-04,"Department Of Water And Power, City Of Los Angeles",CA,city
2025-05-03 05:07:12.479 -0700,"Master Services Agreement (MSA) for Design of Minor Projects with Construction Costs less than $7,500,000.00",2025-06-04,Seminole County,FL,county
2025-05-03 05:07:02.463 -0700,Transit Construction Project Assistance & Oversight Framework,2025-06-04,Tennessee Department Of Transportation,TN,state
2025-05-03 05:06:53.684 -0700,FY 25-26 Mayor's Community Youth Support Network,2025-06-11,City of Tracy,CA,city
2025-05-03 05:06:47.535 -0700,Marketing Services,2025-06-11,State of South Carolina,SC,state
2025-05-03 05:06:40.951 -0700,Transfer Station Operations Contract Consulting Services,2025-05-22,Town of Greenwich,CT,town
2025-05-03 05:06:26.494 -0700,Proposal for Navajo Nation Heritage & Historic Presevation Department Permit Package Update,2025-05-14,Navajo Nation Heritage & Historic Preservation Department,AZ,tribal_nation
2025-05-03 05:06:20.140 -0700,"Proposal for Development of Navajo Nation Register of Historic Places, Cultural Landmarks and Historic Preservation Plan",2025-05-14,Navajo Nation Heritage and Historic Preservation Department,AZ,tribal_nation
2025-05-03 05:06:13.845 -0700,"ON CALL ENGINEERING SERVICES INCLUDING STRUCTURAL, CIVIL & ENVIRONMENTAL ENGINEE",2025-05-30,Town of North Smithfield,RI,town
2025-05-03 05:06:07.540 -0700,Grant Writing Services for the Village of Spring Valley,2025-06-05,County of Rockland,NY,county
2025-05-03 05:06:00.944 -0700,PROFESSIONAL LEGAL SERVICES FOR SPECIAL PFAS LITIGATION COUNSEL,2025-05-16,County of Mercer,NJ,county
2025-05-03 05:05:53.950 -0700,Comprehensive Mathematics Instructional Resource for High School,2025-05-30,"Arapahoe County School District #6, Littleton Public Schools",CO,k12
2025-05-03 05:05:46.992 -0700,Weber Institute Gymnasium Project,2025-05-29,Stockton Unified School District,CA,k12
2025-05-03 05:05:39.570 -0700,DCQuitNow Services,2025-05-15,Department Of Health,DC,city
2025-05-03 05:05:33.422 -0700,Cohesity Backup Solution,2025-05-16,Barrow County School District,GA,k12
2025-05-03 05:05:24.766 -0700,PARENTING SKILL SERVICES FOR INDIVIDUALS WITH INTELLECTUAL/DEVELOPMENTAL DISABIL,2025-05-23,Dutchess County Department of Community and Family Services,NY,county
2025-05-03 05:05:00.138 -0700,EASTERN MARKET ROAD RECONSTRUCTION PROJECT CONSTRUCTION ENGINEERING INSPECTION,2025-05-20,City Of Detroit Brownfield Redevelopment Authority,MI,city
2025-05-03 05:04:53.818 -0700,Request For Proposal,2025-06-02,West Bloomfield Parks and Recreation Commission,MI,city
2025-05-03 05:04:47.620 -0700,RFP 4547 - Repetitive Loss Area Analysis - Community Rating System: Activity 510,2025-06-03,City of Midland,MI,city
2025-05-03 05:04:41.574 -0700,Request for Development Proposals: Ford Road Site,2025-07-01,City of Westland,MI,city
2025-05-03 05:04:33.871 -0700,MEASURE X CAPACITY BUILDING,2025-05-29,Contra Costa County,CA,county
2025-05-03 05:04:26.363 -0700,Demo of 2nd Floor & Rebuild of Roof of 1st Floor of Pump House at WP Apartments,2025-05-28,Grand Junction Housing Authority,CO,city
2025-05-03 05:04:20.044 -0700,Environmental Services for the Sumner County Courthouse,2025-05-15,Sumner County Government,TN,county
2025-05-03 05:03:59.710 -0700,Hill City Elementary School Renovations/Modifications,2025-05-30,Pickens County Board Of Education,GA,county
2025-05-03 05:03:53.962 -0700,Maker Space,2025-05-16,University of West Georgia,GA,university
2025-05-03 05:03:41.133 -0700,Eviction Prevention Services,2025-05-16,Lane County,OR,county
2025-05-03 05:03:34.658 -0700,Camp Perry Ranges POV Park Paving,2025-05-16,The Ohio Adjutant General's Department,OH,state
2025-05-03 05:03:28.431 -0700,Student InformationSystem,2025-05-16,Purdue University Online,IN,university
2025-05-03 05:03:19.995 -0700,COMMUNITY ENGAGMENT & FACILITATION,2025-05-16,Office of Community Empowerment and Opportunity,PA,city
2025-05-03 05:03:07.770 -0700,Commercial Driver Safety Meetings,2025-05-12,Los Angeles County Public Works,CA,county
2025-05-03 05:03:00.489 -0700,Water Wheel Park Planning,2025-05-19,Village of Waunakee,WI,village
2025-05-03 05:02:53.582 -0700,Engineering Services For Parking Facilities Condition Assessments,2025-06-03,City of East Lansing,MI,city
2025-05-03 05:02:46.277 -0700,Bank Depository Services,2025-05-07,Prosper Independent School District,TX,k12
2025-05-03 05:02:39.842 -0700,WATER WELL NO. SSS #10 - CONSTRUCTION OF TEST WELL AT SITE NO.3,2025-06-19,City of Stockton,CA,city
2025-05-03 05:02:32.296 -0700,Architectural Services Design For Council Chamber Remodel,2025-05-22,City of Coppell,TX,city
2025-05-03 05:02:26.263 -0700,Outpatient Mental Health Services for Indigent Individuals,2025-05-19,Lane County Health & Human Services,OR,county
2025-05-03 05:02:06.603 -0700,Paratransit Customer Service Training,2025-05-28,Suburban Mobility Authority for Regional Transportation,MI,transit_agency
2025-05-03 05:01:59.046 -0700,Bureau of Maternal Child & Family Health-Lactation Training Offering-RDQ,2025-05-20,Ohio Department of Health,OH,state
2025-05-03 05:01:26.498 -0700,Auditor,2025-05-21,Paulsboro Board of Education,NJ,other_school
2025-05-03 05:01:18.690 -0700,Vocational Training Program,2025-05-21,City of New Rochelle,NY,city
2025-05-03 05:01:03.224 -0700,Cultural Survey,2025-05-21,Port Of Whitman County,WA,other
2025-05-03 05:00:55.588 -0700,Insurance Brokerage Services for Medical Insurance & Worker’s Compensation Insur,2025-05-30,City of Cherry Hills Village,CO,city
2025-05-03 05:00:48.501 -0700,"Audio/Visual System Design, Furnishing, and Installation",2025-05-19,"Arapahoe County School District #6, Littleton Public Schools",CO,k12
2025-05-02 04:26:02.118 -0700,ANNUAL LEGAL SERVICES FOR CITY OF T OR C,2025-06-05,City of Truth or Consequences,NM,city
2025-05-02 04:25:53.408 -0700,Castle Pines Metro District - 2025 Roadway Engineering Construction Services,2025-05-14,Castle Pines Metro District,CO,other
2025-05-02 04:25:45.109 -0700,Multi-factor Authentication (MFA),2025-06-03,Waco Independent School District,TX,k12
2025-05-02 04:25:37.301 -0700,Solid Waste Disposal Services,2025-05-19,Township of Abington,PA,town
2025-05-02 04:25:30.256 -0700,General Counsel for the Orange County Value Adjustment Board,2025-06-03,"Orange County, Florida",FL,county
2025-05-02 04:25:22.600 -0700,AUDIT MANAGEMENT SOFTWARE,2025-06-11,Board of Education Retirement System,NY,other
2025-05-02 04:25:14.797 -0700,Construction Management Support Services For Avalon Pedestrian Bridge and Promenade Gateway,2025-06-03,Harbor Department,CA,city
2025-05-02 04:25:05.418 -0700,Independent Audit Services,2025-06-06,Maryland Automobile Insurance Fund,MD,state
2025-05-02 04:24:58.190 -0700,Cremation Services,2025-06-06,County of Fresno,CA,county
2025-05-02 04:24:52.097 -0700,Offsite Immutable Backups Solution,2025-06-03,Waco Independent School District,TX,k12
2025-05-02 04:24:43.439 -0700,KPC Data Collection Analysis & Evaluation,2025-06-05,Kansas Department for Aging and Disability Services,KS,state
2025-05-02 04:24:33.556 -0700,On-Site Mail and Copy Services,2025-06-05,Department Of Health Professions,VA,state
2025-05-02 04:24:27.557 -0700,DESIGN BUILD CARL FUSCO PARK ENHANCEMENTS PROJECT,2025-06-05,City of North Lauderdale,FL,city
2025-05-02 04:24:20.938 -0700,Specialty Legal Services,2025-05-06,Pinal County,AZ,county
2025-05-02 04:24:14.655 -0700,"Consultant Services, NYPL West New Brighton",2025-06-09,New York City Economic Development Corporation,NY,city
2025-05-02 04:24:08.108 -0700,UCSF ALUMNI MAGAZINE,2025-06-06,University of California San Francisco,CA,university
2025-05-02 04:24:02.030 -0700,Vulnerability Management Solution,2025-06-03,Waco Independent School District,TX,k12
2025-05-02 04:23:39.731 -0700,Kansas Caregiver Support Network,2025-06-04,Kansas Department For Children And Families,KS,state
2025-05-02 04:23:27.771 -0700,RFP for the Preparation of the Township Master Plan #25-01,2025-05-29,Township of Plumsted,NJ,town
2025-05-02 04:23:15.180 -0700,BEHIND-THE-WHEEL TRAINING,2025-05-13,Wake County Public School System,NC,k12
2025-05-02 04:23:08.772 -0700,Online Proctoring Services,2025-05-14,County College of Morris,NJ,college
2025-05-02 04:23:01.350 -0700,Cybersecurity Augmentation for Internal Equipment,2025-06-04,Fresno Unified School District,CA,k12
2025-05-02 04:22:53.867 -0700,Provide Wired Telephony Services,2025-05-15,Municipality of Anchorage,AK,city
2025-05-02 04:22:47.171 -0700,Engineering Services Bundle,2025-05-16,Atlanta Public Schools,GA,k12
2025-05-02 04:22:40.571 -0700,Public Art Mural 2025 - Broad St Train Bridge,2025-06-05,Township of Bloomfield,NJ,town
2025-05-02 04:22:33.976 -0700,Environmental Engineering Services,2025-05-16,Division Of Engineering,NJ,other
2025-05-02 04:22:27.264 -0700,Napaskiak Airport Rehabilitation Surveying & Mapping Services,2025-05-20,Central Region,AK,other
2025-05-02 04:22:08.246 -0700,Banking and Ancillary Services,2025-05-30,Clerk of the Court and Comptroller of Miami-Dade County,FL,county
2025-05-02 04:22:00.731 -0700,Executive Coaching,2025-05-05,University of Tennessee,TN,university
2025-05-02 04:21:53.222 -0700,HR:  Employee Medical Examinations.  Drug and Alcohol Testing,2025-06-09,City of Manchester,NH,city
2025-05-02 04:21:42.033 -0700,As-Needed Structural Engineering Peer Review,2025-06-16,City and County of San Francisco Department of Building Inspection,CA,city
2025-05-02 04:21:18.702 -0700,As-Needed Geotechnical Engineering Review,2025-06-16,"Department Of Building Inspection, City And County Of San Francisco",CA,city
2025-05-02 04:20:56.162 -0700,DBI | As-Needed Structural Engr Review/Academic,2025-06-16,City and County of San Francisco,CA,city
2025-05-02 04:20:37.780 -0700,Waubonsie Water Supply Improvement Project,2025-05-20,Iowa Department of Natural Resources,IA,state
2025-05-02 04:20:27.819 -0700,Effective Interventions that Enhance the Health and Safety of Transit Workers,2025-06-19,Transportation Research Board,,other
2025-05-02 04:20:21.685 -0700,Thunder Basin Ambient Air Monitoring Project,2025-06-20,Wyoming Procurement Office,WY,state
2025-05-02 04:20:15.095 -0700,"Display Advertising Concession, DCA & IAD",2025-06-16,Metropolitan Washington Airports Authority,DC,transit_agency
2025-05-02 04:20:05.631 -0700,Course Content for LMS,2025-06-11,Washington State Department of Social and Health Services,WA,state
2025-05-02 04:19:50.481 -0700,PUBLIC AWARENESS EDUCATIONAL CAMPAIGN FOR THE CHP COMMUNITY OUTREACH AND MARKETING SECTION,2025-05-14,Department of California Highway Patrol,CA,state
2025-05-02 04:19:41.902 -0700,"21st CCLC Program Quality and Technical Assistance",2025-07-10,Office of Superintendent of Public Instruction,WA,state
2025-05-02 04:19:27.271 -0700,As-Needed Asbestos Consultation Services 2025 MLBE,2025-06-16,San Francisco Public Works,CA,public_works
2025-05-02 04:19:03.183 -0700,As-Needed Asbestos Consultation Services 2025,2025-06-18,San Francisco Public Works,CA,public_works
2025-05-02 04:18:44.736 -0700,Redwood City Encampment Waste Services,2025-05-16,City of Redwood City,CA,city
2025-05-02 04:18:24.313 -0700,Progressive-Design-Build Services for the 30 S. Orange Pocket Park & Lake Eola Gateway Entrance,2025-06-13,City of Orlando,FL,city
2025-05-02 04:17:55.228 -0700,INSURANCE PROGRAM FOR POLK COUNTY EMPLOYEES AND ASSETS,2025-05-29,Iowa Department of Management,IA,state
2025-05-02 04:17:35.259 -0700,Teton County Residential Organics Feasibility Study,2025-06-13,Teton County Integrated Solid Waste And Recycling,WY,county
2025-05-02 04:17:27.591 -0700,"80625Y0145-Redis Enterprise Licenses or Equivalent",2025-05-13,New York City Department Of Housing Preservation And Development,NY,city
2025-05-02 04:17:17.996 -0700,On Call General Construction Services Non CMAR- Minor Projects Less Than $1M,2025-06-12,City of Mount Dora,FL,city
2025-05-02 04:17:10.974 -0700,"2025 3 Year On-Call Steel Fabrication Inspection Services",2025-05-14,Iowa Department of Transportation,IA,state
2025-05-02 04:16:56.420 -0700,Architectural / Engineering Services Request for Qualifications,2025-05-20,Housing Authority of the City of Woonsocket,RI,city
2025-05-02 04:16:41.846 -0700,Meridian Township Website Redesign,2025-05-16,Meridian Township,MI,town
2025-05-02 04:16:24.310 -0700,Handyworker Program,2025-06-09,Los Angeles Housing Department,CA,city
2025-05-02 04:15:49.611 -0700,INFORMATION SECURITY AUDIT SERVICES,2025-06-13,Board of Education Retirement System,NY,other
2025-05-02 04:15:42.182 -0700,Banking and Merchant Services,2025-06-06,City of Carlsbad,CA,city
2025-05-02 04:15:15.468 -0700,For Co-Located School Based Mental Health Services,2025-06-26,Durham Public Schools Board Of Education,NC,other_school
2025-05-02 04:15:08.896 -0700,Proposal for VMware Software Licensing and Support,2025-05-05,Navajo Nation Office of the Controller,AZ,tribal_nation
2025-05-02 04:15:02.235 -0700,Public Facilities Development Impact Fee Nexus Study and Fee Evaluation,2025-06-20,City of Carlsbad,CA,city
2025-05-02 04:14:54.909 -0700,Legal Services,2025-05-06,Roselle Board of Education,NJ,k12
2025-05-02 04:14:48.440 -0700,Right-of-Way Engineering Services (ROWE I),2025-07-08,California High-Speed Rail Authority,CA,transit_agency
2025-05-02 04:14:39.794 -0700,BOE IT Modernization,2025-06-30,California Department Of Tax And Fee Administration,CA,state
2025-05-02 04:14:29.012 -0700,Human Resources Training Pool,2025-05-20,California State Teachers' Retirement System,CA,state
2025-05-02 04:14:22.073 -0700,DESIGNER SERVICES FOR SPORTS FIELD LIGHTING AT TUCKER FAMILY FIELD,2025-05-22,Town of Andover,MA,town
2025-05-02 04:14:13.433 -0700,IT - Dell Support 24x7 Dell Vmware Host,2025-05-12,Maryland Insurance Administration,MD,state
2025-05-02 04:14:01.745 -0700,PSC for Architect & Engineer Services,2025-05-14,Morehead State University,KY,university
2025-05-02 04:13:54.703 -0700,Engineering Services for 2026 Lead Water Service Replacements,2025-05-14,City of Duluth,MN,city
2025-05-02 04:13:48.208 -0700,CM at Risk for Municipal Fiber Optic Project,2025-05-15,City of Quincy,MA,city
2025-05-02 04:13:41.629 -0700,PROFESSIONAL ENGINEERING SERVICES REGARDING THE INSPECTION AND CONTRACT ADMINISTRATION,2025-05-13,County of Monmouth,NJ,county
2025-05-02 04:13:31.371 -0700,"Women, Infant, and Children Services (WIC) Texting Services",2025-05-16,Ohio Department of Health,OH,state
2025-05-02 04:13:16.863 -0700,"SCADA On-Call, Design, and Integration Support",2025-05-16,St. John the Baptist Parish,LA,county
2025-05-02 04:13:10.341 -0700,Professional Services for Rattlesnake Creek Streamflow Improvements Design,2025-05-19,Trout Unlimited,WA,non_profit
2025-05-02 04:13:03.389 -0700,Disaster Restoration and Recovery Services,2025-05-16,St. John the Baptist Parish,LA,county
2025-05-02 04:12:56.193 -0700,$1 MILLION BLOCKS PROJECT,2025-05-30,Adams County Finance Department,CO,county
2025-05-02 04:12:49.067 -0700,ENGINEERING SERVICES FOR DYKEN POND DAM - RENSSELAER COUNTY HIGHWAY DEPARTMENT,2025-05-20,Rensselaer County,NY,county
2025-05-02 04:12:41.480 -0700,LEASE OF A PORTION OF CITY-OWNED LAND – 610 NEPPERHAN AVENUE,2025-06-19,City of Yonkers,NY,city
2025-05-02 04:12:35.504 -0700,C/N for Third Party Medicaid Administrative and Recovery Services,2025-05-13,School District of Jefferson County Public Schools,KY,k12
2025-05-02 04:12:29.215 -0700,Engineering Services Related to Wastewater Treatment Facilities Repairs (LCBDG Grants),2025-05-13,City of Tallulah,LA,city
2025-05-02 04:12:23.017 -0700,Managing Bank Depositories,2025-05-21,Smith County,TX,county
2025-05-02 04:11:52.776 -0700,Actuarial and Benefits Consultant RFP,2025-05-21,Hennepin County,MN,county
2025-05-02 04:11:39.506 -0700,FORTIFY RFP,2025-05-21,Hennepin County,MN,county
2025-05-02 04:11:28.916 -0700,Construction Management and Engineering Support Services,2025-05-21,Alaska Department of Environmental Conservation,AK,state
2025-05-02 04:11:16.339 -0700,Adult Education Accountability and Assessment,2025-06-02,California Department Of Education,CA,state
2025-05-02 04:10:55.967 -0700,South Row Ceiling Replacement Design,2025-05-22,Town of Chelmsford,MA,town
2025-05-02 04:10:49.293 -0700,"2025 Paramus Golf Course Consultant Services for the Design of an Irrigation System",2025-05-22,Borough of Paramus,NJ,borough
2025-05-02 04:10:41.319 -0700,Non-Congregate Shelter: Property Acquisition/Rehabilitation,2025-05-22,City of Hattiesburg,MS,city
2025-05-02 04:10:31.422 -0700,Design - Englewood Beach Boardwalk and Walkovers,2025-05-22,Charlotte County,FL,county
2025-05-02 04:10:21.941 -0700,AI-Based Platform for Curriculum Analysis,2025-05-22,Mississippi State University,MS,university
2025-05-02 04:10:04.144 -0700,Risk and Resiliency Assessment Update,2025-06-10,City of Brighton,CO,city
2025-05-02 04:09:50.907 -0700,Mouth of Duwamish Wet Weather Facilities Program Insurance Broker-Administrator,2025-05-22,King County,WA,county
2025-05-02 04:09:38.392 -0700,Purchase of Laboratory Information Management System and Implementation Services,2025-05-22,Clean Water Services,,other
2025-05-02 04:09:31.956 -0700,"2025 - City Manager - RFP Governmental Relations and Lobbying Services",2025-05-22,City of Compton,CA,city
2025-05-02 04:09:25.122 -0700,General Contractor/Construction Manager,2025-05-30,Wayne County Land Bank,MI,county
2025-05-02 04:09:18.696 -0700,New Lowndes Middle School,2025-05-23,Lowndes County Board of Education,GA,county
2025-05-02 04:09:12.309 -0700,RFP Fuel Plan,2025-05-23,Mid-Columbia Economic Development District,OR,non_profit
2025-05-02 04:09:04.586 -0700,(Southwest I GRYD Zone only) Gang Reduction Youth Development Prevention Provider FY 25-26,2025-06-11,City of Los Angeles Mayor's Office of Community Safety,CA,city
2025-05-02 04:08:54.369 -0700,",Engineering Services",2025-05-23,Navajo Division of Transportation,NM,tribal_nation
2025-05-02 04:08:48.156 -0700,Health Literacy,2025-05-23,Alabama Department of Public Health,AL,state
2025-05-02 04:08:41.507 -0700,PROFESSIONAL ON-CALL PROFESSIONAL PRELIMINARY STUDIES AND COMPLIANCE SERVICES,2025-05-23,Navajo Division of Transportation,NM,tribal_nation
2025-05-02 04:08:34.779 -0700,Rebid of Automated Agenda Management Solution,2025-05-23,City of Salem,OR,city
2025-05-02 04:08:28.579 -0700,Behavioral Health Bridge Housing (BHBH) - Recovery Supportive Housing Services (RSHS),2025-05-23,County of Ventura,CA,county
2025-05-02 04:07:56.423 -0700,ARCHITECTURAL/ENGINEERING SERVICES,2025-05-26,Jefferson County Board Of Supervisors,MS,county
2025-05-02 04:07:47.123 -0700,DMV Modernization Vendor Selection,2025-05-27,North Carolina Department of Transportation,NC,state
2025-05-02 04:07:37.072 -0700,PROFESSIONAL ENGINEERING SERVICES REGARDING THE INSPECTION AND CONTRACT ADMINISTRATION,2025-05-13,County of Monmouth,NJ,county
2025-05-02 04:07:18.509 -0700,"CEI Services for SR-14 Bridges over CNIC R/R and Nonconnah Creek, I-55 Exit Ramp to SB SR-14, and SR-14 Bridge over I-55 - Shelby County",2025-05-27,Tennessee Department Of Transportation,TN,state
2025-05-02 04:07:11.618 -0700,Household Generated Hazardous Waste Removal and Disposal,2025-05-28,City of Redding,CA,city
2025-05-02 04:07:03.427 -0700,Housing Market Analysis and Development Strategy,2025-05-28,City of Marshalltown,IA,city
2025-05-02 04:06:56.702 -0700,Consulting Services to Prepare a Comprehensive Plan,2025-05-28,City of Marshalltown,IA,city
2025-05-02 04:06:50.236 -0700,Building and Rental Third Party Services,2025-06-04,City of Ann Arbor,MI,city
2025-05-02 04:06:43.367 -0700,Recycle & Transfer Station Admin Building & Scale House,2025-05-28,Town of Hooksett,NH,town
2025-05-02 04:06:35.148 -0700,GA. Department of Juvenile Justice - Milledgeville YDC,2025-05-28,Georgia State Financing & Investment Commission,GA,state
2025-05-02 04:06:28.023 -0700,Marketing Media Strategy & Buying Services,2025-05-28,Idea Public Schools,TX,k12
2025-05-02 04:06:21.400 -0700,Transit-Oriented Dev Barriers & Incentives Analysis & Affordable Housing Policy Dev,2025-05-28,Loudoun County,VA,county
2025-05-02 04:06:13.482 -0700,Bus Bench Placement and Management,2025-05-28,City of East Peoria,IL,city
2025-05-02 04:06:07.045 -0700,Reality Professionals to Act as City Buyer's Agent,2025-05-28,City of Bozeman,MT,city
2025-05-02 04:05:53.476 -0700,AI Enhanced Instructional Support Tool For TK-12 Educators,2025-05-28,Capistrano Unified School District,CA,k12
2025-05-02 04:05:46.768 -0700,COB3 Code Plan Review Services,2025-05-28,"University of California, Merced",CA,university
2025-05-02 04:05:40.281 -0700,"RFP 25-PW05, Redd Road Corridor Improvements",2025-05-22,City of Milton,GA,city
2025-05-02 04:05:31.841 -0700,Code Compliance & Enforcement Services,2025-05-29,Empire State Development,NY,state
2025-05-02 04:05:20.891 -0700,Design Services for the Redevelopment of Charles D Owen Park,2025-05-29,Buncombe County Parks and Recreation,NC,county
2025-05-02 04:05:13.224 -0700,Operation of McCoy Park Ballfields,2025-05-29,City of Orlando,FL,city
2025-05-02 04:04:48.204 -0700,Rental of Conference Facility for State Parks Division Meeting,2025-05-29,Texas Parks and Wildlife Department,TX,state
2025-05-02 04:04:26.647 -0700,REGIONAL HOUSING STRATEGY,2025-05-29,Atlanta Regional Commission,GA,other
2025-05-02 04:04:20.293 -0700,"DOWNTOWN DRAINAGE IMPROVEMENTS PROJECT – DESIGN, PREPARATION, and CONSTRUCTION SUPPORT",2025-05-29,City of Corona,CA,city
2025-05-02 04:04:14.068 -0700,University District Doorway Project,2025-05-29,Washington State Department of Commerce,WA,state
2025-05-02 04:04:07.121 -0700,Holly Springs City Hall - Construction Manager at Risk (CMAR) for Value Engineering/Guaranteed Maximum Price (GPM) and Construction Services Contract,2025-05-30,City of Holly Springs,GA,city
2025-05-02 04:04:00.739 -0700,Indianapolis Asset Inventory,2025-05-30,City of Indianapolis Purchasing Division,IN,city
2025-05-02 04:03:54.272 -0700,Cross-Curricular Literacy Resources Grades 6-12,2025-05-30,James City County,VA,county
2025-05-02 04:03:46.419 -0700,Information Security Technology (IST) Equipment Disposal,2025-05-21,El Paso Independent School District,TX,k12
2025-05-02 04:03:38.492 -0700,Labor Relations and Project Labor Agreement Consulting Services,2025-05-16,East Side Union High School District,CA,k12
2025-05-02 04:03:24.570 -0700,"Unified Asset Management, Ticketing, and Resource Services",2025-05-29,Killeen Independent School District,TX,k12
2025-05-02 04:03:18.079 -0700,Electronic Data Interchange (EDI) Vendor Pool,2025-05-30,Workforce Safety & Insurance,ND,state
2025-05-02 04:03:00.969 -0700,CPRG Quality System Development and Documentation,2025-05-30,Montana Department of Natural Resources and Conservation,MT,state
2025-05-02 04:02:53.377 -0700,Preschool Social and Emotional Learning Classroom Training and Materials,2025-05-30,Chesapeake Public Schools,VA,k12
2025-05-02 04:02:47.111 -0700,Feasibility Study for Solar Development,2025-05-30,Rend Lake Conservancy District,IL,other
2025-05-02 04:02:41.074 -0700,CRC Consultant,2025-05-30,Community Action Partnership of Kern,CA,non_profit
2025-05-02 04:02:34.518 -0700,Transportation Coordination Plan Consultant 2025,2025-05-30,Heart of Texas Council of Governments,TX,other
2025-05-02 04:02:28.053 -0700,Local Initiative for Landscape Conservation (LILAC),2025-05-26,City of Greeley,CO,city
2025-05-02 04:02:19.239 -0700,"CR 614 (Tom Brown Road), CR 603 (Riverton Road) and New Albany Road Intersection Improvements for Burlington County, New Jersey",2025-05-30,Delaware Valley Regional Planning Commission,NJ,transit_agency
2025-05-02 04:02:06.751 -0700,Engineering Services FY26,2025-05-30,City of Unalaska,AK,city
2025-05-02 04:02:00.158 -0700,UNC Landscape Water Resiliency Comprehensive Plan,2025-05-22,University of Northern Colorado,CO,university
2025-05-02 04:01:52.515 -0700,Autism-Friendly Campus Initiative-Multimedia Services,2025-05-30,Lansing Community College,MI,college
2025-05-02 04:01:41.832 -0700,Expanded In-Home Services for the Elderly Program,2025-05-29,Orange County Department of General Services,NY,county
2025-05-02 04:01:31.330 -0700,Archaeological Services - Washington Park,2025-05-16,City of Albany Department of Recreation,NY,city
2025-05-02 04:01:08.891 -0700,Adams State University Website Rebuild Project,2025-06-02,Adams State University,CO,university
2025-05-02 04:00:59.192 -0700,Public Safety Software,2025-05-23,Pitkin County Regional Emergency Dispatch Center,CO,county
2025-05-02 04:00:50.607 -0700,Request for information: Broadband Middle Mile Initiative Support,2025-05-09,Colorado Office of Information Technology,CO,state
2025-05-02 04:00:45.204 -0700,LEGAL SERVICES FOR VICTIMS OF DOMESTIC VIOLENCE,2025-05-30,County of Ulster,NY,county
2025-05-01 12:36:43.167 -0700,Sullivan County Proposal DRAFT 050125,2025-05-02,Sullivan County Chamber of Commerce,NY,non_profit
2025-05-01 11:13:33.136 -0700,rfp25-44-el-vado-and-abiquiu-hydroelectric-plant-condition-assessment_final,2025-05-27,Los Alamos County,NM,county
2025-05-01 11:12:04.096 -0700,TRANSPORTATION SERVICES FOR PRESCHOOL RFP DOCS,2025-05-22,Clinton County,NY,county
2025-05-01 05:15:23.407 -0700,McCoy Flat Road Professional Engineering Services,2025-05-09,Uintah County,UT,county
2025-05-01 05:15:15.450 -0700,Acceptance of Mixed Recyclables,2025-05-16,City of Bowling Green,OH,city
2025-05-01 05:15:05.843 -0700,Low Balance Accounts Receivables Recovery,2025-05-19,University of California Davis Health,CA,hospital
2025-05-01 05:14:50.741 -0700,Conference: 2025 MN BCA ICAC & Human Trafficking,2025-05-16,State of Minnesota Department of Administration,MN,state
2025-05-01 05:14:39.144 -0700,Candlers Mountain Rd Bridge and Interchange Replacement CEI Services,2025-05-20,Virginia Department of Transportation,VA,state
2025-05-01 05:14:32.926 -0700,Investigative Services,2025-05-20,Kentucky Board of Podiatry,KY,state
2025-05-01 05:14:26.699 -0700,PERFORMANCE REVIEW OF RIVERSIDE CITY ATTORNEY’S OFFICE,2025-05-20,City of Riverside,CA,city
2025-05-01 05:14:20.283 -0700,"2024-2025 Auditing Services",2025-05-20,City of Derby,CT,city
2025-05-01 05:14:13.842 -0700,School Picture and Photography Services,2025-05-08,Denton ISD,TX,k12
2025-05-01 05:14:01.546 -0700,Focus Groups and Data Analysis,2025-05-20,City of St. Louis Department of Health,MO,city
2025-05-01 05:13:54.714 -0700,Engineering Services for Courthouse Generator,2025-05-15,Sarpy County,NE,county
2025-05-01 05:13:47.112 -0700,"Special Education Supplies, Equipment & Services",2025-05-20,Denton Independent School District,TX,k12
2025-05-01 05:13:40.199 -0700,"Consultant Services, Full-Service Elevator Maintenance, Repair, and Emergency Services at Specific Sites and Various Sites RFP",2025-05-20,New York City Economic Development Corporation,NY,city
2025-05-01 05:13:32.850 -0700,Consultant Services (Professional Development & Staff Training),2025-05-20,La Joya Independent School District,TX,k12
2025-05-01 05:13:22.861 -0700,Refuse Pickup and Recycling Services at McHenry County Government Facilities and Garbage-Recycle Services at all McHenry County Conservation District Locations,2025-05-21,McHenry County Procurement,IL,county
2025-05-01 05:13:08.139 -0700,Construction Management Services,2025-05-21,Colonial School District,DE,k12
2025-05-01 05:13:01.610 -0700,SPACE NEEDS ANALYSIS,2025-05-21,City Of Princeton/Princeton Public Utilities,MN,city
2025-05-01 05:12:55.050 -0700,Level of Service and Capital Planning - Fire and EMS,2025-05-21,City of Burlington,WA,city
2025-05-01 05:12:48.574 -0700,Airport Architect & Engineering Professional Services,2025-05-28,Muskegon County,MI,county
2025-05-01 05:12:41.949 -0700,CONSULTANT SERVICES FOR PREPARATION OF A FEASIBILITY STUDY FOR INCLUSIONARY HOUSING FEES FOR MIXED-USE AND MULTI-FAMILY RESIDENTIAL DEVELOPMENTS,2025-05-22,City of Lakewood,CA,city
2025-05-01 05:12:35.075 -0700,Local Hazard Mitigation Plan Update,2025-05-22,City of Azusa,CA,city
2025-05-01 05:12:28.026 -0700,Special Ed. and Related Services 2025-26,2025-05-16,Schenectady City School District,NY,k12
2025-05-01 05:12:20.026 -0700,On-Call Architect Design Services -,2025-05-21,City of Westminster,CO,city
2025-05-01 05:12:11.481 -0700,East Texas A&M University Development,2025-05-22,The Texas A&M University System,TX,university
2025-05-01 05:12:01.648 -0700,Grant Program Evaluator Services for Treatment for Individuals Experiencing Homelessness (TIEH) Grant,2025-05-22,Pinellas County,FL,county
2025-05-01 05:11:46.702 -0700,On-call Structural and Mechanical Services for Movable Bridges,2025-05-22,City of New Haven,CT,city
2025-05-01 05:11:09.704 -0700,Engineer Recruitment Services,2025-05-23,Michigan Department of Transportation,MI,state
2025-05-01 05:11:03.339 -0700,"General Architectural and Engineering Services to include Miscellaneous Civil and Architectural Engineering Services, Mechanical, Electrical, Structural, Environmental and Professional Surveying Services",2025-05-23,County of Gloucester,VA,county
2025-05-01 05:10:51.187 -0700,Small Cap Core Ex-US Equity,2025-05-23,Employees Retirement System of the City of St. Louis,MO,city
2025-05-01 05:10:44.735 -0700,Public Health Accreditation Board Reaccreditation,2025-05-23,Alabama Department of Public Health,AL,state
2025-05-01 05:10:38.725 -0700,Intensive Level Survey,2025-05-23,City of Canby,OR,city
2025-05-01 05:10:32.047 -0700,Transportation Planning and Engineering Serivces,2025-05-23,City Of Dupont,WA,city
2025-05-01 05:10:25.744 -0700,"Management of the Mirror Lake Recreation Area in Devens, MA",2025-05-26,Massachusetts Development Finance Agency,MA,state
2025-05-01 05:10:17.904 -0700,On Call DBE Supportive Consultant,2025-05-26,Arizona Department of Transportation,AZ,state
2025-05-01 05:10:08.686 -0700,Design Build Services for Town Branch Commons Repairs,2025-05-06,Lexington-Fayette Urban County Government,KY,city
2025-05-01 05:10:02.388 -0700,Lexington Second Chance Academy Workforce Reentry Program,2025-05-16,Lexington-Fayette Urban County Government,KY,city
2025-05-01 05:09:47.480 -0700,Financial Auditing Services,2025-05-27,Oconee County,SC,county
2025-05-01 05:09:40.289 -0700,Parent Education/In-Home Outreach for Parents of Children Identified as At-Risk for Child Abuse,2025-05-27,Lane County,OR,county
2025-05-01 05:09:31.825 -0700,DCRB Annual Audit,2025-05-21,District of Columbia Retirement Board,DC,other
2025-05-01 05:09:17.308 -0700,Creation and Management of Agricultural Conservation Easements,2025-05-30,City of Tulare,CA,city
2025-05-01 05:09:09.210 -0700,Professional Consulting Services (School System Design Assessment),2025-05-21,Howard County Public School System,MD,k12
2025-05-01 05:09:02.602 -0700,RFP #25-06 STRATEGIC PLAN CONSULTING SERVICES,2025-05-29,City of Avon Park,FL,city
2025-05-01 05:08:55.332 -0700,E-RATE CONSULTANT,2025-05-27,Buffalo Public Schools,NY,k12
2025-05-01 05:08:48.858 -0700,Industrial Hygienist Consulting Services at Thurgood Marshall Visitor Center,2025-05-27,East Bay Regional Park District,CA,other
2025-05-01 05:08:42.671 -0700,Publication of Legal Notices/Legal Advertisements,2025-05-27,City of Los Banos,CA,city
2025-05-01 05:08:36.370 -0700,EMERGENCY DEBRIS MONITORING SERVICES,2025-05-28,The District,,other
2025-05-01 05:08:29.948 -0700,Professional Hydrogeology Consulting Services Contract (W2536),2025-05-28,Town of Jupiter,FL,town
2025-05-01 05:08:17.830 -0700,Continuous Air Monitoring Station for Midland Region,2025-05-28,Texas Commission on Environmental Quality,TX,state
2025-05-01 05:08:11.742 -0700,Continuous Air Monitoring Station for Waco Region,2025-05-28,Texas Commission on Environmental Quality,TX,state
2025-05-01 05:08:05.409 -0700,Right of Way Services,2025-05-28,City of Merced,CA,city
2025-05-01 05:07:28.555 -0700,New Bedford Police Headquarters Programmatic Study,2025-05-21,City of New Bedford,MA,city
2025-05-01 05:07:21.725 -0700,CALSHAPE PLUMBING GRANT IMPLEMENTATION AND MANAGEMENT SUPPORT SERVICES,2025-05-29,Alhambra Unified School District,CA,k12
2025-05-01 05:07:14.317 -0700,Voluntary Benefits,2025-05-29,Durham Public Schools,NC,k12
2025-05-01 05:07:06.262 -0700,Environmental Strategic Plan with Economic Development and Incubation Wet Lab Components,2025-05-28,Town of Mount Pleasant,SC,town
2025-05-01 05:07:00.318 -0700,Architectural Term Contracts,2025-05-29,James Madison University,VA,university
2025-05-01 05:06:54.378 -0700,Engineering & Project Management for WWII Flight School Classroom Building Rehab,2025-05-29,City of Douglas,GA,city
2025-05-01 05:06:40.506 -0700,Request for Information - Artificial Intelligence Solutions for Higher Education,2025-05-21,University of Utah - Campus,UT,university
2025-05-01 05:06:33.445 -0700,Youth Work Experience Provider,2025-05-27,Dutchess County Workforce Development Board,NY,county
2025-05-01 05:06:27.367 -0700,Design Services for New Library,2025-05-29,City of Spring Hill,TN,city
2025-05-01 05:06:21.255 -0700,NFTA ERP Software and Implementation Services,2025-05-16,Niagara Frontier Transportation Authority,NY,transit_agency
2025-05-01 05:06:15.055 -0700,"Security, Server and Data Center",2025-05-29,Virginia Information Technologies Agency,VA,state
2025-05-01 05:06:08.842 -0700,FATHERHOOD INITIATIVE PROGRAM,2025-05-29,St. Johns County Board Of County Commissioners,FL,county
2025-05-01 05:06:02.147 -0700,DISASTER RECOVERY CONSULTANT & PUBLIC ASSISTANCE SERVICES,2025-05-29,Gulf County,FL,county
2025-05-01 05:05:56.108 -0700,Therapeutic Day Program Services for Students with Autism,2025-05-28,Beaufort County School District,SC,k12
2025-05-01 05:05:47.844 -0700,"1200 Building Remodel Project for Construction Manager at Risk Services",2025-05-30,Sarpy County,NE,county
2025-05-01 05:05:29.944 -0700,WRC Drain Board Project Caddell Drain,2025-06-03,Oakland County Water Resources Commissioner,MI,county
2025-05-01 05:05:17.179 -0700,SAAS database for the Maryland Long Term Care Ombudsman Program,2025-05-30,Maryland Department of Aging,MD,state
2025-05-01 05:04:56.299 -0700,"Community Assistance, Response, and Engagement (CARE) Program",2025-05-15,City of Champaign,IL,city
2025-05-01 05:04:48.661 -0700,UND Master Planning RFQ,2025-05-30,University of North Dakota,ND,university
2025-05-01 05:04:37.571 -0700,RFP No. 25-1364 Insurance Consulting and Risk Management Services,2025-05-12,Brazos River Authority,TX,other
2025-05-01 05:04:30.813 -0700,Outside Counsel,2025-05-30,The Texas A&M University System,TX,university
2025-05-01 05:04:23.270 -0700,SBU/Career Tracker Software System,2025-05-30,State University of New York at Stony Brook,NY,university
2025-05-01 05:04:10.088 -0700,CRM PLATFORM,2025-05-30,Texas Space Commission,TX,other
2025-05-01 05:03:49.604 -0700,HHS: Outdoor Advertising,2025-05-13,Oakland County Health Division,MI,county
2025-05-01 05:03:40.650 -0700,Mental Health Training,2025-05-23,Alabama Department of Public Health,AL,state
2025-05-01 05:03:34.009 -0700,Construction Manager at Risk (CMR),2025-05-30,Norfolk Airport Authority,VA,transit_agency
2025-05-01 05:03:13.763 -0700,Custom Application Development,2025-05-30,"Superior Court of California, County of San Francisco",CA,county
2025-05-01 05:03:06.494 -0700,Third Party Training Vendor,2025-05-30,Community College Of Aurora,CO,college
2025-05-01 05:02:55.438 -0700,CNCC FY25-010 Holland East Construction & Renovation,2025-05-26,Colorado Northwestern Community College,CO,college
2025-05-01 05:02:43.918 -0700,Camden County High School BB/SB Hitting Facility,2025-06-02,Camden County Board of Education,GA,county
2025-05-01 05:02:38.055 -0700,ARCHITECTURAL DESIGN SERVICES ON RENOVATIONS OF HEALTH DEPARTMENT BUILDING,2025-06-02,Reno County,KS,county
2025-05-01 05:02:19.663 -0700,Advanced Email Security Solution,2025-06-03,Waco Independent School District,TX,k12
2025-05-01 05:02:10.642 -0700,Woodmoor Dr / Lake Woodmoor Dr Intersection Improvements,2025-06-04,El Paso County,CO,county
2025-05-01 05:01:58.375 -0700,MINES25046 Phone Modernization RFP,2025-06-02,Colorado School of Mines,CO,university
2025-05-01 05:00:53.941 -0700,MINES25044 Prospective Student Communication,2025-05-30,Colorado School of Mines,CO,university
2025-04-30 22:49:30.739 -0700,https,2025-05-01,Company,,other
2025-04-30 22:49:25.836 -0700,BPM006832_Solicitation_Requirements,2025-05-27,Arizona Department of Transportation,AZ,state
2025-04-30 22:49:21.296 -0700,Sales_Tax_Letter,2025-05-22,City Of Pueblo Sales Tax Division,CO,city
2025-04-30 22:49:19.446 -0700,original,2025-05-14,Wisconsin Housing and Economic Development Authority,WI,state
2025-04-30 22:49:15.779 -0700,EVT0010316_-_Bid_Documents,2025-06-04,Department For Children And Families,KS,state
2025-04-30 22:49:09.622 -0700,Attachment D - Commissioning Responsibility Matrix,2025-05-22,Adams County Sheriff's Department,CO,county
2025-04-30 22:49:03.937 -0700,original,2025-05-14,County of Westchester,NY,county
2025-04-30 22:49:01.462 -0700,original,2025-05-13,Merrimack County,NH,county
2025-04-30 22:48:58.973 -0700,New Microsoft Word Document,2025-05-06,Ohio Department of Job and Family Services,OH,state
2025-04-30 22:48:54.869 -0700,Attachment_F_Bidder_Quals_and_Response_to_Mand_Reqs,2025-06-04,Department Of Transportation,WI,state
2025-04-30 22:48:52.400 -0700,ITB-W-1496 Appendix B - Application for SHPO Section 106 Consultation,2025-05-14,City of Warren,MI,city
2025-04-30 22:48:50.138 -0700,original,2025-06-02,Village of Mamaroneck,NY,village
2025-04-30 22:48:47.818 -0700,original,2025-05-07,New Jersey Department of Health,NJ,state
2025-04-30 22:48:38.794 -0700,LIST OF SUPPLIES,2025-05-01,Steelcase,,other
2025-04-30 22:48:36.757 -0700,original,2025-05-28,Missouri State Treasurer's Office,MO,state
2025-04-30 22:48:33.269 -0700,RFSQARP202201,2025-05-26,County of Los Angeles Chief Executive Office,CA,county
2025-04-30 22:48:27.334 -0700,SE10611_-_Attachment_4_-_Bid_Sheet_v1,2025-06-05,City and County of San Francisco,CA,city
2025-04-30 22:48:24.347 -0700,Child Study Evaluations and Case Management  Testing,2025-05-20,State Of New Jersey,NJ,state
2025-04-30 22:48:17.144 -0700,RFP-24-30465 final,2025-06-17,Metropolitan Washington Airports Authority,DC,transit_agency
2025-04-30 22:48:16.907 -0700,New Microsoft Word Document,2025-05-21,State University of New York (SUNY) Stony Brook University Hospital,NY,hospital
2025-04-30 22:48:13.488 -0700,New Microsoft Word Document,2025-05-05,City of Philadelphia,PA,city
2025-04-30 22:48:12.920 -0700,checkbox -Exhibit 6 CBE_Form - rev 2-3-22,2025-05-09,LA County Parks,CA,county
2025-04-30 22:48:11.103 -0700,EPROCUREMENT-OPS_Quick_Quote_TCs_w-_extended_2_YEAR_terms_03-05-24,2025-05-21,Maricopa County Office of Procurement Services,AZ,county
2025-04-30 22:48:10.672 -0700,original,2025-05-14,San Mateo County Libraries,CA,county
2025-04-30 22:48:08.579 -0700,original,2025-06-02,Maine Department of Health and Human Services,ME,state
2025-04-30 22:48:04.032 -0700,"6704 Workforce Compliance Coordinator",2025-05-13,City of Lincoln,NE,city
2025-04-30 22:48:02.795 -0700,original,2025-05-27,City of Johnston,IA,city
2025-04-30 22:48:01.792 -0700,original,2025-06-02,"Augusta, Georgia",GA,city
2025-04-30 22:47:59.689 -0700,original,2025-05-23,City of Wichita,KS,city
2025-04-30 22:47:58.851 -0700,OMB_version_Attachment_A_1-31-19,2025-05-22,Pinellas County,FL,county
2025-04-30 22:47:56.719 -0700,original,2025-05-23,Center School District,MO,k12
2025-04-30 22:47:54.610 -0700,Exhibit A HHS Solicitation AffirmationsV2,2025-05-12,Health and Human Services Commission,TX,state
2025-04-30 22:47:53.194 -0700,Sample_contract_and_exhibits,2025-05-16,State of Minnesota,MN,state
2025-04-30 22:47:51.062 -0700,Visitor+Center+Support+Services,2025-05-02,Department Of Defense - Marine Corps,LA,federal
2025-04-30 22:47:51.003 -0700,original,2025-05-03,Department of Health and Welfare,ID,state
2025-04-30 22:47:48.820 -0700,original,2025-06-27,City of Wichita,KS,city
2025-04-30 22:47:44.861 -0700,original,2025-05-13,City of Kingsport,TN,city
2025-04-30 22:47:42.680 -0700,Network Replacement Services,2025-05-07,Clark County Public Transportation Benefit Area,WA,transit_agency
2025-04-30 22:47:42.272 -0700,Enrollment Committee Facilitator Services,2025-05-30,Town of West Springfield,MA,town
2025-04-30 22:47:40.463 -0700,original,2025-05-22,City of Winston-Salem,NC,city
2025-04-30 22:47:36.263 -0700,"1-Logistic RFP Bonfire Feb. 2025 w PJM edits final 2",2025-05-29,Monroe County Board of County Commissioners,FL,county
2025-04-30 22:47:35.214 -0700,Final_-_RFP_-_RESEA_Consulting_Soliciatation,2025-05-29,Maryland Department of Labor,MD,state
2025-04-30 22:47:33.722 -0700,"20250428122702782 RFP 10090287-25-V_Utility Management Consultant",2025-05-28,City of San Diego,CA,city
2025-04-30 22:47:31.589 -0700,Attachment 2 - Submission Checklist FINAL13,2025-05-23,New York State Office of Children and Family Services,NY,state
2025-04-30 22:47:29.315 -0700,original,2025-06-05,Louisiana Housing Corporation,LA,state
2025-04-30 22:47:27.685 -0700,TCA,2025-05-09,West Virginia Purchasing Division,WV,state
2025-04-30 22:47:25.503 -0700,Micro Purchase Terms and Conditions_B2524300,2025-05-06,City of Philadelphia,PA,city
2025-04-30 22:47:22.989 -0700,ESBD_414967_1745963510758_RFP 0004656_Final,2025-05-28,Texas Facilities Commission,TX,state
2025-04-30 22:47:21.126 -0700,original,2025-05-31,Niagara Falls National Heritage Area,NY,federal
2025-04-30 22:47:17.509 -0700,EXHIBIT E - RegistrationCertForm_Updated,2025-06-05,Contra Costa County,CA,county
2025-04-30 22:47:17.065 -0700,New Microsoft Word Document,2025-05-02,City of Bakersfield,CA,city
2025-04-30 22:47:15.380 -0700,original,2025-05-31,Niagara Falls National Heritage Area,NY,federal
2025-04-30 22:47:13.042 -0700,original,2025-05-31,Niagara Falls National Heritage Area,NY,federal
2025-04-30 22:47:12.332 -0700,signed 423rd Supply Chain Management Industry Day Letter,2025-05-08,Department Of The Air Force Headquarters Air Force Sustainment Center,OK,federal
2025-04-30 22:47:10.467 -0700,"Course Development, Online Course in Cloud Security",2025-05-16,UC Berkeley School Of Information,CA,university
2025-04-30 22:47:05.840 -0700,ATTACHMENT F - LPP ID FORM,2025-05-28,City of San Antonio,TX,city
2025-04-30 22:47:05.696 -0700,N6883625Q0053,2025-05-09,NAVSUP Flc Jacksonville Contracts Div,FL,federal
2025-04-30 22:47:02.611 -0700,"20250428120534229 RFP for EPL Enhancements",2025-05-13,City of West Hollywood,CA,city
2025-04-30 22:47:00.468 -0700,Interactive Data Language License,2025-05-02,Naval Research Laboratory,DC,federal
2025-04-30 22:47:00.315 -0700,original,2025-05-16,San Mateo County Community College District,CA,college
2025-04-30 22:46:58.428 -0700,original,2025-05-30,Town of Tiburon,CA,town
2025-04-30 22:46:55.637 -0700,"25-rfp-001_addendum_no._1",2025-05-22,City of Dawsonville,GA,city
2025-04-30 22:46:55.355 -0700,"20250424114324264 IFB 25-04 Attachment D",2025-05-22,City of Palm Springs,CA,city
2025-04-30 22:46:53.198 -0700,original,2025-06-03,City of Palm Springs,CA,city
2025-04-30 22:46:51.182 -0700,original,2025-06-23,Pasha Automotive Services,CA,other
2025-04-30 22:46:49.369 -0700,Attachment A - Fee Proposal Form - FINAL,2025-05-27,Oakland Schools,MI,other_school
2025-04-30 22:46:48.710 -0700,original,2025-05-12,City of Jurupa Valley,CA,city
2025-04-30 22:46:45.599 -0700,"4.02+Solicitation+Final",2025-05-01,Naval War College Museum,RI,other
2025-04-30 22:46:43.023 -0700,original,2025-05-19,Calhoun County,MI,county
2025-04-30 22:46:42.626 -0700,New Microsoft Word Document,2025-05-15,Department of Defense - Department of the Navy,VA,federal
2025-04-30 22:46:40.603 -0700,original,2025-05-27,Livingston County Community Mental Health Authority,MI,county
2025-04-30 22:46:40.121 -0700,original,2025-05-22,City of Citrus Heights,CA,city
2025-04-30 22:46:38.606 -0700,original,2025-05-07,City of Johnson City,TN,city
2025-04-30 22:46:35.445 -0700,"000900 ATT A",2025-05-28,Oakland County Procurement Division,MI,county
2025-04-30 22:46:35.281 -0700,original,2025-05-27,Employment Development Department,CA,state
2025-04-30 22:46:33.235 -0700,original,2025-06-13,Sacramento County Office of Education,CA,county
2025-04-30 22:46:30.733 -0700,Sample_of_Sacramento_County_Contract,2025-07-01,County of Sacramento,CA,county
2025-04-30 22:46:30.718 -0700,"00322271 Solicitation Final VC",2025-05-20,Port of Seattle,WA,transit_agency
2025-04-30 22:46:27.647 -0700,"05-09-2025-IT-Services-RFP-Newspaper-Ad",2025-05-09,City of Erlanger,KY,city
2025-04-30 22:46:27.519 -0700,ITB 2025-056 VMWare Software License Renewal_M,2025-05-15,St. Vrain Valley School District RE-1J,CO,k12
2025-04-30 22:46:25.433 -0700,original,2025-05-29,Lower Savannah Council of Governments,SC,other
2025-04-30 22:46:25.383 -0700,original,2025-05-12,California Department of Corrections and Rehabilitation,CA,state
2025-04-30 22:46:22.880 -0700,https,2025-05-22,Ocean County College,NJ,college
2025-04-30 22:46:21.127 -0700,Final_TOS Description Write Up_ TOS S-041  Technical Support for Data Management and Analysis Tools.docx,2025-06-19,City of Los Angeles Sanitation and Environment,CA,city
2025-04-30 22:46:20.803 -0700,https,2025-05-09,Amtrak,,transit_agency
2025-04-30 22:46:18.122 -0700,Life Cycle Logistics Support and Chemical Demilitarization Training Facility,2025-05-12,Department of Defense,MD,federal
2025-04-30 22:46:17.868 -0700,UConn_Budget_Transform_Consult_RFP_Template_Contract_CDR042925,2025-05-21,University of Connecticut,CT,university
2025-04-30 22:46:15.662 -0700,original,2025-05-06,University of South Carolina,SC,university
2025-04-30 22:46:15.445 -0700,New Microsoft Word Document,2025-05-05,"Department Of The Interior, Bureau Of Reclamation",CO,federal
2025-04-30 22:46:12.457 -0700,KPC_Community_Documentation_Evaluation,2025-06-10,Kansas Department for Aging and Disability Services,KS,state
2025-04-30 22:46:11.939 -0700,original,2025-05-19,The Supreme Court of Ohio,OH,state
2025-04-30 22:46:10.391 -0700,original,2025-05-12,Los Angeles Unified School District,CA,k12
2025-04-30 22:46:09.709 -0700,original,2025-05-27,Navajo Tribal Utility Authority,AZ,tribal_nation
2025-04-30 22:46:07.400 -0700,P-2089906 - Customer Information Signage (BT-19IL),2025-05-22,Dallas Area Rapid Transit,TX,transit_agency
2025-04-30 22:46:04.805 -0700,https,2025-05-23,Arlington Heights Memorial Library,IL,other
2025-04-30 22:46:02.216 -0700,Lighting and Signage,2025-05-29,City of Lake Wales,FL,city
2025-04-30 22:46:01.582 -0700,"1.0- 25-040-RFP-0004_ IT Infrastructure Upgrade",2025-05-16,Housing Authority of the City and County of San Francisco,CA,city
2025-04-30 22:45:59.987 -0700,https1,2025-05-29,Arizona State University,AZ,university
2025-04-30 22:45:58.030 -0700,original,2025-06-03,Greenville County Schools,SC,k12
2025-04-30 22:45:55.664 -0700,original,2025-05-15,City of Miramar,FL,city
2025-04-30 22:45:54.621 -0700,Non-Collusion_Affidavit_-_fillable_form,2025-05-19,San Bernardino County,CA,county
2025-04-30 22:45:53.742 -0700,original,2025-05-29,St. Johns County Board Of County Commissioners,FL,county
2025-04-30 22:45:52.311 -0700,original,2025-06-02,County of Sacramento,CA,county
2025-04-30 22:45:51.481 -0700,original,2025-05-23,City of Champaign,IL,city
2025-04-30 22:45:49.352 -0700,original,2025-06-06,County of Champaign,IL,county
2025-04-30 22:45:46.821 -0700,Professional Hydrogeology Consulting Services,2025-05-28,Town of Jupiter,FL,town
2025-04-30 22:45:45.683 -0700,"1309743-1808447657Execution of offer 11-2024",2025-05-19,Texas State University System,TX,university
2025-04-30 22:45:43.509 -0700,C2+Digital+and+Simulation+Support+DRAFT+PWS,2025-05-30,Department of Defense,MO,federal
2025-04-30 22:45:41.064 -0700,New Microsoft PDF Document,2025-05-16,UC Berkeley School Of Information,CA,university
2025-04-30 22:45:40.574 -0700,"1245723-18058254063523R13 - Technical Sub 20250307",2025-05-30,Pennsylvania Department of Transportation,PA,state
2025-04-30 22:45:39.335 -0700,original,2025-05-02,Navajo Nation Division For Children And Family Services,AZ,tribal_nation
2025-04-30 22:45:37.404 -0700,original,2025-05-11,Monroe County Community Planning & Engagement Department,MI,county
2025-04-30 22:45:37.373 -0700,DAFGL_Solicitation+Package,2025-07-03,United States Air Force,,federal
2025-04-30 22:45:34.689 -0700,RFP_BPM006866_-_Instructions,2025-05-13,Arizona Department Of Health Services,AZ,state
2025-04-30 22:45:31.421 -0700,AppendixAConceptSitePlan,2025-05-29,Buffalo Bills,NY,other
2025-04-30 22:45:29.148 -0700,original,2025-06-12,New Hampshire Department of Energy,NH,state
2025-04-30 22:45:27.545 -0700,original,2025-05-30,Town of Goffstown,NH,town
2025-04-30 22:45:23.387 -0700,Cost submittal form G,2025-05-19,State of Alaska,AK,state
2025-04-30 22:45:21.002 -0700,original,2025-05-16,Conservation International,,non_profit
2025-04-30 22:45:15.794 -0700,Attachment+12+Software+Development+Lifecycle++SDLC+Process+Guide,2025-06-02,USDA Rural Development Technology Office,DC,federal
2025-04-30 22:45:13.670 -0700,Rescue Business Support,2025-05-02,Department Of Defense,AZ,federal
2025-04-30 22:45:12.761 -0700,"01",2025-05-13,United States Trustee Program,DC,federal
2025-04-30 22:45:10.321 -0700,FDA-SSN-75F40125Q00192_RAPID VI_Instructions,2025-05-27,U.S. Food and Drug Administration,,federal
2025-04-30 22:45:10.128 -0700,Attachment+1-Reference+Copy+47QRAB25N0002-throughUpdate4-Published,2025-05-06,General Services Administration,DC,federal
2025-04-30 22:45:07.372 -0700,Airport_Commercial_Consulting_Services,2025-06-04,County of Orange John Wayne Airport,CA,county
2025-04-30 22:45:05.998 -0700,Sigman Nest Software Maintenance,2025-05-07,Department Of Defense,PA,federal
2025-04-30 22:45:04.900 -0700,original,2025-05-22,Incorporated County of Los Alamos,NM,county
2025-04-30 22:45:01.851 -0700,Sample contract-itb,2025-05-21,King County,WA,county
2025-04-30 22:45:01.780 -0700,original,2025-05-29,City of Austin,TX,city
2025-04-30 22:44:58.659 -0700,Logistics Civil Augmentation Program,2025-05-05,U.S. Army Contracting Command - Rock Island,IL,federal
2025-04-30 22:44:58.396 -0700,"2-Non Submittal Response",2025-05-16,St. Louis Community College,MO,college
2025-04-30 22:44:56.350 -0700,RRF Management System,2025-05-03,Department Of Transportation - Maritime Administration,DC,federal
2025-04-30 22:44:56.076 -0700,"1-RFP - 250811 Advanced CIPA Compliant Content Filter Service (E-Rate)",2025-05-27,Harlandale Independent School District,TX,k12
2025-04-30 22:44:54.050 -0700,original,2025-05-21,South Carolina Department of Environmental Services,SC,state
2025-04-30 22:44:51.832 -0700,original,2025-05-09,St. Jude Children's Research Hospital,TN,hospital
2025-04-30 22:44:49.086 -0700,"01",2025-05-13,Natchez Adams County Airport Commission,MS,county
2025-04-30 22:44:48.731 -0700,Bid Invitation,2025-05-21,Des Moines Public Schools,IA,k12
2025-04-30 22:44:46.958 -0700,original,2025-05-30,Sunflower County Consolidated School District,MS,k12
2025-04-30 22:44:46.447 -0700,New Microsoft Word Document,2025-05-13,Midland County Hospital District,TX,hospital
2025-04-30 22:44:44.403 -0700,"01",2025-06-04,Charlotte County Airport Authority,FL,county
2025-04-30 22:44:42.086 -0700,"01",2025-05-16,Dupage County - Procurement Services,IL,county
2025-04-30 22:44:41.260 -0700,SOLICITATION RFB-IS-25201084-1,2025-05-08,Los Angeles County Internal Services Department,CA,county
2025-04-30 22:44:37.595 -0700,INFORMATION SECURITY AND PRIVACY REQUIREMENTS EXHIBIT-COVERAGE,2025-05-12,Los Angeles County,CA,county
2025-04-30 22:44:34.095 -0700,Collection Management System RFP,2025-05-30,Free Library of Philadelphia,PA,non_profit
2025-04-30 22:44:31.335 -0700,"01",2025-05-02,Minnesota Department of Health,MN,state
2025-04-30 22:44:31.188 -0700,PREA_Rider_-_notices_and_forms (1)(1).,2025-05-09,Department of Correction,NY,state
2025-04-30 22:44:28.945 -0700,Request for Proposal Packet,2025-05-15,Florida Department of Transportation,FL,state
2025-04-30 22:44:26.469 -0700,original,2025-05-22,"The School Board of Miami-Dade County, Florida",FL,county
2025-04-30 22:44:26.456 -0700,rfp-38-24-003-notice-intent,2025-05-30,"Superior Court of California, County of San Francisco",CA,county
2025-04-30 22:44:24.493 -0700,original,2025-06-20,Retirement Systems of Alabama,AL,state
2025-04-30 22:44:24.037 -0700,original,2025-05-29,City of Avon Park,FL,city
2025-04-30 22:44:21.939 -0700,"01",2025-05-01,Nassau County,NY,county
2025-04-30 22:44:21.098 -0700,AutoRecovery save of Voice Communication System RFI Final,2025-05-26,City of Detroit,MI,city
2025-04-30 22:44:16.492 -0700,original,2025-05-29,George Mason University,VA,university
2025-04-30 22:44:14.842 -0700,RFPNo25-004-RFP-ERP-Attachment12.Sworn.Statement.on.Public.Entity.Crimes,2025-05-23,Town,,town
2025-04-30 22:44:12.968 -0700,"1296641-event",2025-05-29,University of Florida,FL,university
2025-04-30 22:44:12.406 -0700,Intent_to_Respond,2025-05-27,California Department of Technology,CA,state
2025-04-30 22:44:10.294 -0700,original,2025-05-07,University of Central Arkansas,AR,university
2025-04-30 22:44:06.926 -0700,original,2025-06-02,Village of Royal Palm Beach,FL,village
2025-04-30 22:44:06.597 -0700,Final_RFP_007_25000000007_1_SO_FORM_PDF,2025-06-13,State of Alabama,AL,state
2025-04-30 22:44:04.582 -0700,original,2025-05-19,Vermont State Colleges,VT,university
2025-04-30 22:44:03.036 -0700,"1",2025-05-08,"Department Of Defense, Space Force",FL,federal
2025-04-30 22:44:00.374 -0700,"01",2025-05-05,Naval Air Warfare Center Weapons Division,CA,federal
2025-04-30 22:43:55.787 -0700,"01",2025-05-07,"Ut-battelle, Llc (Oak Ridge National Laboratory)",TN,other
2025-04-30 22:43:53.335 -0700,"01",2025-05-16,Department of Defense,DC,federal
2025-04-30 22:43:53.100 -0700,Attachment E - Bidders Statement of Principal Place of Business,2025-05-20,Not Specified,FL,other
2025-04-30 22:43:50.883 -0700,original,2025-05-23,Baltimore City Health Department,MD,city
2025-04-30 22:43:50.267 -0700,"01",2025-05-10,Asian Americans for Civil Rights and Equality,CA,non_profit
2025-04-30 22:43:47.877 -0700,"01",2025-05-10,The Avalon Consulting Group Inc,,other
2025-04-30 22:43:43.457 -0700,Request for Proposal - Information Technology Services,2025-05-16,Town Of Mt. Crested Butte,CO,town
2025-04-30 22:43:41.739 -0700,"01",2025-05-21,State University of New York,NY,university
2025-04-30 22:43:39.589 -0700,original,2025-05-09,U.S. Soybean Export Council,,non_profit
2025-04-30 22:43:36.819 -0700,"01",2025-05-07,Department Of Defense - Defense Health Agency,VA,federal
2025-04-30 22:43:33.623 -0700,"01",2025-05-06,Department Of Veterans Affairs,MN,federal
2025-04-30 22:43:31.654 -0700,"25-005 Electronic Medical Record System Solicitation Synopsis - Final",2025-05-30,City of San Antonio,TX,city
2025-04-30 22:43:27.302 -0700,Form_W-9_Request_for_Taxpayer_Identification (2) (1),2025-05-29,Department Of The Treasury Internal Revenue Service,,federal
2025-04-30 22:43:26.141 -0700,"01",2025-05-09,Department of Veterans Affairs,,federal
2025-04-30 22:43:24.031 -0700,"01",2025-05-16,Department of the Army,DC,federal
